<annotation>
	<folder></folder>
	<filename>Piha_Flight2_Joined_mp4-1054_jpg.rf.4969a3f0532a38fcc8f1914a3e966c15.jpg</filename>
	<path>Piha_Flight2_Joined_mp4-1054_jpg.rf.4969a3f0532a38fcc8f1914a3e966c15.jpg</path>
	<source>
		<database>roboflow.ai</database>
	</source>
	<size>
		<width>640</width>
		<height>540</height>
		<depth>3</depth>
	</size>
	<segmented>0</segmented>
	<object>
		<name>Surfer</name>
		<pose>Unspecified</pose>
		<truncated>0</truncated>
		<difficult>0</difficult>
		<occluded>0</occluded>
		<bndbox>
			<xmin>536</xmin>
			<xmax>569</xmax>
			<ymin>164</ymin>
			<ymax>200</ymax>
		</bndbox>
	</object>
	<object>
		<name>Surfer</name>
		<pose>Unspecified</pose>
		<truncated>0</truncated>
		<difficult>0</difficult>
		<occluded>0</occluded>
		<bndbox>
			<xmin>615</xmin>
			<xmax>641</xmax>
			<ymin>196</ymin>
			<ymax>230</ymax>
		</bndbox>
	</object>
	<object>
		<name>Surfer</name>
		<pose>Unspecified</pose>
		<truncated>0</truncated>
		<difficult>0</difficult>
		<occluded>0</occluded>
		<bndbox>
			<xmin>555</xmin>
			<xmax>589</xmax>
			<ymin>251</ymin>
			<ymax>282</ymax>
		</bndbox>
	</object>
	<object>
		<name>Surfer</name>
		<pose>Unspecified</pose>
		<truncated>0</truncated>
		<difficult>0</difficult>
		<occluded>0</occluded>
		<bndbox>
			<xmin>481</xmin>
			<xmax>521</xmax>
			<ymin>334</ymin>
			<ymax>375</ymax>
		</bndbox>
	</object>
	<object>
		<name>Surfer</name>
		<pose>Unspecified</pose>
		<truncated>0</truncated>
		<difficult>0</difficult>
		<occluded>0</occluded>
		<bndbox>
			<xmin>618</xmin>
			<xmax>641</xmax>
			<ymin>332</ymin>
			<ymax>366</ymax>
		</bndbox>
	</object>
	<object>
		<name>Surfer</name>
		<pose>Unspecified</pose>
		<truncated>0</truncated>
		<difficult>0</difficult>
		<occluded>0</occluded>
		<bndbox>
			<xmin>525</xmin>
			<xmax>556</xmax>
			<ymin>245</ymin>
			<ymax>276</ymax>
		</bndbox>
	</object>
</annotation>
