<annotation>
	<folder></folder>
	<filename>Piha_Flight2_Joined_mp4-1189_jpg.rf.5debc67d27cc49ed1d3cbb8f0e778e24.jpg</filename>
	<path>Piha_Flight2_Joined_mp4-1189_jpg.rf.5debc67d27cc49ed1d3cbb8f0e778e24.jpg</path>
	<source>
		<database>roboflow.ai</database>
	</source>
	<size>
		<width>640</width>
		<height>540</height>
		<depth>3</depth>
	</size>
	<segmented>0</segmented>
	<object>
		<name>Surfer</name>
		<pose>Unspecified</pose>
		<truncated>0</truncated>
		<difficult>0</difficult>
		<occluded>0</occluded>
		<bndbox>
			<xmin>1</xmin>
			<xmax>21</xmax>
			<ymin>461</ymin>
			<ymax>496</ymax>
		</bndbox>
	</object>
	<object>
		<name>Surfer</name>
		<pose>Unspecified</pose>
		<truncated>0</truncated>
		<difficult>0</difficult>
		<occluded>0</occluded>
		<bndbox>
			<xmin>1</xmin>
			<xmax>17</xmax>
			<ymin>300</ymin>
			<ymax>336</ymax>
		</bndbox>
	</object>
	<object>
		<name>Surfer</name>
		<pose>Unspecified</pose>
		<truncated>0</truncated>
		<difficult>0</difficult>
		<occluded>0</occluded>
		<bndbox>
			<xmin>1</xmin>
			<xmax>16</xmax>
			<ymin>330</ymin>
			<ymax>362</ymax>
		</bndbox>
	</object>
	<object>
		<name>Surfer</name>
		<pose>Unspecified</pose>
		<truncated>0</truncated>
		<difficult>0</difficult>
		<occluded>0</occluded>
		<bndbox>
			<xmin>1</xmin>
			<xmax>17</xmax>
			<ymin>337</ymin>
			<ymax>373</ymax>
		</bndbox>
	</object>
	<object>
		<name>Surfer</name>
		<pose>Unspecified</pose>
		<truncated>0</truncated>
		<difficult>0</difficult>
		<occluded>0</occluded>
		<bndbox>
			<xmin>1</xmin>
			<xmax>19</xmax>
			<ymin>140</ymin>
			<ymax>177</ymax>
		</bndbox>
	</object>
</annotation>
