<annotation>
	<folder></folder>
	<filename>Piha_Flight2_Joined_mp4-1050_jpg.rf.75a49e8a278a28ea035bb8080146aef8.jpg</filename>
	<path>Piha_Flight2_Joined_mp4-1050_jpg.rf.75a49e8a278a28ea035bb8080146aef8.jpg</path>
	<source>
		<database>roboflow.ai</database>
	</source>
	<size>
		<width>640</width>
		<height>540</height>
		<depth>3</depth>
	</size>
	<segmented>0</segmented>
	<object>
		<name>Surfer</name>
		<pose>Unspecified</pose>
		<truncated>0</truncated>
		<difficult>0</difficult>
		<occluded>0</occluded>
		<bndbox>
			<xmin>534</xmin>
			<xmax>566</xmax>
			<ymin>220</ymin>
			<ymax>255</ymax>
		</bndbox>
	</object>
	<object>
		<name>Surfer</name>
		<pose>Unspecified</pose>
		<truncated>0</truncated>
		<difficult>0</difficult>
		<occluded>0</occluded>
		<bndbox>
			<xmin>616</xmin>
			<xmax>641</xmax>
			<ymin>233</ymin>
			<ymax>268</ymax>
		</bndbox>
	</object>
	<object>
		<name>Surfer</name>
		<pose>Unspecified</pose>
		<truncated>0</truncated>
		<difficult>0</difficult>
		<occluded>0</occluded>
		<bndbox>
			<xmin>556</xmin>
			<xmax>585</xmax>
			<ymin>296</ymin>
			<ymax>331</ymax>
		</bndbox>
	</object>
	<object>
		<name>Surfer</name>
		<pose>Unspecified</pose>
		<truncated>0</truncated>
		<difficult>0</difficult>
		<occluded>0</occluded>
		<bndbox>
			<xmin>461</xmin>
			<xmax>509</xmax>
			<ymin>400</ymin>
			<ymax>445</ymax>
		</bndbox>
	</object>
	<object>
		<name>Surfer</name>
		<pose>Unspecified</pose>
		<truncated>0</truncated>
		<difficult>0</difficult>
		<occluded>0</occluded>
		<bndbox>
			<xmin>621</xmin>
			<xmax>641</xmax>
			<ymin>379</ymin>
			<ymax>416</ymax>
		</bndbox>
	</object>
	<object>
		<name>Surfer</name>
		<pose>Unspecified</pose>
		<truncated>0</truncated>
		<difficult>0</difficult>
		<occluded>0</occluded>
		<bndbox>
			<xmin>520</xmin>
			<xmax>556</xmax>
			<ymin>297</ymin>
			<ymax>333</ymax>
		</bndbox>
	</object>
</annotation>
