<annotation>
	<folder></folder>
	<filename>Piha_Flight2_Joined_mp4-1516_jpg.rf.4d5c7695223aea7593d56714b8e31e43.jpg</filename>
	<path>Piha_Flight2_Joined_mp4-1516_jpg.rf.4d5c7695223aea7593d56714b8e31e43.jpg</path>
	<source>
		<database>roboflow.ai</database>
	</source>
	<size>
		<width>640</width>
		<height>540</height>
		<depth>3</depth>
	</size>
	<segmented>0</segmented>
	<object>
		<name>Surfer</name>
		<pose>Unspecified</pose>
		<truncated>0</truncated>
		<difficult>0</difficult>
		<occluded>0</occluded>
		<bndbox>
			<xmin>303</xmin>
			<xmax>338</xmax>
			<ymin>356</ymin>
			<ymax>400</ymax>
		</bndbox>
	</object>
	<object>
		<name>Surfer</name>
		<pose>Unspecified</pose>
		<truncated>0</truncated>
		<difficult>0</difficult>
		<occluded>0</occluded>
		<bndbox>
			<xmin>354</xmin>
			<xmax>384</xmax>
			<ymin>270</ymin>
			<ymax>309</ymax>
		</bndbox>
	</object>
	<object>
		<name>Surfer</name>
		<pose>Unspecified</pose>
		<truncated>0</truncated>
		<difficult>0</difficult>
		<occluded>0</occluded>
		<bndbox>
			<xmin>406</xmin>
			<xmax>434</xmax>
			<ymin>114</ymin>
			<ymax>154</ymax>
		</bndbox>
	</object>
	<object>
		<name>Surfer</name>
		<pose>Unspecified</pose>
		<truncated>0</truncated>
		<difficult>0</difficult>
		<occluded>0</occluded>
		<bndbox>
			<xmin>420</xmin>
			<xmax>461</xmax>
			<ymin>1</ymin>
			<ymax>20</ymax>
		</bndbox>
	</object>
	<object>
		<name>Surfer</name>
		<pose>Unspecified</pose>
		<truncated>0</truncated>
		<difficult>0</difficult>
		<occluded>0</occluded>
		<bndbox>
			<xmin>258</xmin>
			<xmax>297</xmax>
			<ymin>396</ymin>
			<ymax>423</ymax>
		</bndbox>
	</object>
</annotation>
