<annotation>
	<folder></folder>
	<filename>Piha_Flight2_Joined_mp4-990_jpg.rf.2799601bed781a3ef4daba01a8f72562.jpg</filename>
	<path>Piha_Flight2_Joined_mp4-990_jpg.rf.2799601bed781a3ef4daba01a8f72562.jpg</path>
	<source>
		<database>roboflow.ai</database>
	</source>
	<size>
		<width>640</width>
		<height>540</height>
		<depth>3</depth>
	</size>
	<segmented>0</segmented>
	<object>
		<name>Surfer</name>
		<pose>Unspecified</pose>
		<truncated>0</truncated>
		<difficult>0</difficult>
		<occluded>0</occluded>
		<bndbox>
			<xmin>1</xmin>
			<xmax>18</xmax>
			<ymin>264</ymin>
			<ymax>309</ymax>
		</bndbox>
	</object>
	<object>
		<name>Surfer</name>
		<pose>Unspecified</pose>
		<truncated>0</truncated>
		<difficult>0</difficult>
		<occluded>0</occluded>
		<bndbox>
			<xmin>1</xmin>
			<xmax>19</xmax>
			<ymin>452</ymin>
			<ymax>498</ymax>
		</bndbox>
	</object>
	<object>
		<name>Surfer</name>
		<pose>Unspecified</pose>
		<truncated>0</truncated>
		<difficult>0</difficult>
		<occluded>0</occluded>
		<bndbox>
			<xmin>1</xmin>
			<xmax>18</xmax>
			<ymin>399</ymin>
			<ymax>441</ymax>
		</bndbox>
	</object>
	<object>
		<name>Surfer</name>
		<pose>Unspecified</pose>
		<truncated>0</truncated>
		<difficult>0</difficult>
		<occluded>0</occluded>
		<bndbox>
			<xmin>1</xmin>
			<xmax>17</xmax>
			<ymin>305</ymin>
			<ymax>337</ymax>
		</bndbox>
	</object>
	<object>
		<name>Surfer</name>
		<pose>Unspecified</pose>
		<truncated>0</truncated>
		<difficult>0</difficult>
		<occluded>0</occluded>
		<bndbox>
			<xmin>1</xmin>
			<xmax>18</xmax>
			<ymin>374</ymin>
			<ymax>410</ymax>
		</bndbox>
	</object>
	<object>
		<name>Surfer</name>
		<pose>Unspecified</pose>
		<truncated>0</truncated>
		<difficult>0</difficult>
		<occluded>0</occluded>
		<bndbox>
			<xmin>1</xmin>
			<xmax>22</xmax>
			<ymin>319</ymin>
			<ymax>348</ymax>
		</bndbox>
	</object>
</annotation>
