<annotation>
	<folder></folder>
	<filename>Piha_Flight2_Joined_mp4-1041_jpg.rf.4b5340f54a3875191a86b16feb54e7b3.jpg</filename>
	<path>Piha_Flight2_Joined_mp4-1041_jpg.rf.4b5340f54a3875191a86b16feb54e7b3.jpg</path>
	<source>
		<database>roboflow.ai</database>
	</source>
	<size>
		<width>640</width>
		<height>540</height>
		<depth>3</depth>
	</size>
	<segmented>0</segmented>
	<object>
		<name>Surfer</name>
		<pose>Unspecified</pose>
		<truncated>0</truncated>
		<difficult>0</difficult>
		<occluded>0</occluded>
		<bndbox>
			<xmin>595</xmin>
			<xmax>634</xmax>
			<ymin>264</ymin>
			<ymax>300</ymax>
		</bndbox>
	</object>
	<object>
		<name>Surfer</name>
		<pose>Unspecified</pose>
		<truncated>0</truncated>
		<difficult>0</difficult>
		<occluded>0</occluded>
		<bndbox>
			<xmin>560</xmin>
			<xmax>593</xmax>
			<ymin>212</ymin>
			<ymax>245</ymax>
		</bndbox>
	</object>
	<object>
		<name>Surfer</name>
		<pose>Unspecified</pose>
		<truncated>0</truncated>
		<difficult>0</difficult>
		<occluded>0</occluded>
		<bndbox>
			<xmin>472</xmin>
			<xmax>518</xmax>
			<ymin>393</ymin>
			<ymax>433</ymax>
		</bndbox>
	</object>
	<object>
		<name>Surfer</name>
		<pose>Unspecified</pose>
		<truncated>0</truncated>
		<difficult>0</difficult>
		<occluded>0</occluded>
		<bndbox>
			<xmin>566</xmin>
			<xmax>600</xmax>
			<ymin>283</ymin>
			<ymax>311</ymax>
		</bndbox>
	</object>
</annotation>
