<annotation>
	<folder></folder>
	<filename>Piha_Flight2_Joined_mp4-1025_jpg.rf.08939d151b5a3f7df1c2f01e609cdcab.jpg</filename>
	<path>Piha_Flight2_Joined_mp4-1025_jpg.rf.08939d151b5a3f7df1c2f01e609cdcab.jpg</path>
	<source>
		<database>roboflow.ai</database>
	</source>
	<size>
		<width>640</width>
		<height>540</height>
		<depth>3</depth>
	</size>
	<segmented>0</segmented>
	<object>
		<name>Surfer</name>
		<pose>Unspecified</pose>
		<truncated>0</truncated>
		<difficult>0</difficult>
		<occluded>0</occluded>
		<bndbox>
			<xmin>531</xmin>
			<xmax>566</xmax>
			<ymin>307</ymin>
			<ymax>340</ymax>
		</bndbox>
	</object>
	<object>
		<name>Surfer</name>
		<pose>Unspecified</pose>
		<truncated>0</truncated>
		<difficult>0</difficult>
		<occluded>0</occluded>
		<bndbox>
			<xmin>583</xmin>
			<xmax>611</xmax>
			<ymin>367</ymin>
			<ymax>400</ymax>
		</bndbox>
	</object>
	<object>
		<name>Surfer</name>
		<pose>Unspecified</pose>
		<truncated>0</truncated>
		<difficult>0</difficult>
		<occluded>0</occluded>
		<bndbox>
			<xmin>401</xmin>
			<xmax>456</xmax>
			<ymin>490</ymin>
			<ymax>538</ymax>
		</bndbox>
	</object>
	<object>
		<name>Surfer</name>
		<pose>Unspecified</pose>
		<truncated>0</truncated>
		<difficult>0</difficult>
		<occluded>0</occluded>
		<bndbox>
			<xmin>588</xmin>
			<xmax>617</xmax>
			<ymin>344</ymin>
			<ymax>373</ymax>
		</bndbox>
	</object>
</annotation>
