<annotation>
	<folder></folder>
	<filename>Piha_Flight2_Joined_mp4-1531_jpg.rf.9390f08a76bed65f1b0b4e58ce19e2c9.jpg</filename>
	<path>Piha_Flight2_Joined_mp4-1531_jpg.rf.9390f08a76bed65f1b0b4e58ce19e2c9.jpg</path>
	<source>
		<database>roboflow.ai</database>
	</source>
	<size>
		<width>640</width>
		<height>540</height>
		<depth>3</depth>
	</size>
	<segmented>0</segmented>
	<object>
		<name>Surfer</name>
		<pose>Unspecified</pose>
		<truncated>0</truncated>
		<difficult>0</difficult>
		<occluded>0</occluded>
		<bndbox>
			<xmin>344</xmin>
			<xmax>375</xmax>
			<ymin>447</ymin>
			<ymax>488</ymax>
		</bndbox>
	</object>
	<object>
		<name>Surfer</name>
		<pose>Unspecified</pose>
		<truncated>0</truncated>
		<difficult>0</difficult>
		<occluded>0</occluded>
		<bndbox>
			<xmin>386</xmin>
			<xmax>420</xmax>
			<ymin>303</ymin>
			<ymax>341</ymax>
		</bndbox>
	</object>
	<object>
		<name>Surfer</name>
		<pose>Unspecified</pose>
		<truncated>0</truncated>
		<difficult>0</difficult>
		<occluded>0</occluded>
		<bndbox>
			<xmin>378</xmin>
			<xmax>425</xmax>
			<ymin>202</ymin>
			<ymax>233</ymax>
		</bndbox>
	</object>
</annotation>
