<annotation>
	<folder></folder>
	<filename>Piha_Flight2_Joined_mp4-1365_jpg.rf.4a867dd7f6852b9054fef6d67c352601.jpg</filename>
	<path>Piha_Flight2_Joined_mp4-1365_jpg.rf.4a867dd7f6852b9054fef6d67c352601.jpg</path>
	<source>
		<database>roboflow.ai</database>
	</source>
	<size>
		<width>640</width>
		<height>540</height>
		<depth>3</depth>
	</size>
	<segmented>0</segmented>
	<object>
		<name>Surfer</name>
		<pose>Unspecified</pose>
		<truncated>0</truncated>
		<difficult>0</difficult>
		<occluded>0</occluded>
		<bndbox>
			<xmin>400</xmin>
			<xmax>434</xmax>
			<ymin>395</ymin>
			<ymax>428</ymax>
		</bndbox>
	</object>
	<object>
		<name>Surfer</name>
		<pose>Unspecified</pose>
		<truncated>0</truncated>
		<difficult>0</difficult>
		<occluded>0</occluded>
		<bndbox>
			<xmin>414</xmin>
			<xmax>455</xmax>
			<ymin>450</ymin>
			<ymax>474</ymax>
		</bndbox>
	</object>
	<object>
		<name>Surfer</name>
		<pose>Unspecified</pose>
		<truncated>0</truncated>
		<difficult>0</difficult>
		<occluded>0</occluded>
		<bndbox>
			<xmin>410</xmin>
			<xmax>444</xmax>
			<ymin>318</ymin>
			<ymax>349</ymax>
		</bndbox>
	</object>
	<object>
		<name>Surfer</name>
		<pose>Unspecified</pose>
		<truncated>0</truncated>
		<difficult>0</difficult>
		<occluded>0</occluded>
		<bndbox>
			<xmin>462</xmin>
			<xmax>497</xmax>
			<ymin>266</ymin>
			<ymax>293</ymax>
		</bndbox>
	</object>
</annotation>
