<annotation>
	<folder></folder>
	<filename>Piha_Flight2_Joined_mp4-1584_jpg.rf.591067ab667bae4c28d8e8239330d6fd.jpg</filename>
	<path>Piha_Flight2_Joined_mp4-1584_jpg.rf.591067ab667bae4c28d8e8239330d6fd.jpg</path>
	<source>
		<database>roboflow.ai</database>
	</source>
	<size>
		<width>640</width>
		<height>540</height>
		<depth>3</depth>
	</size>
	<segmented>0</segmented>
	<object>
		<name>Surfer</name>
		<pose>Unspecified</pose>
		<truncated>0</truncated>
		<difficult>0</difficult>
		<occluded>0</occluded>
		<bndbox>
			<xmin>1</xmin>
			<xmax>19</xmax>
			<ymin>429</ymin>
			<ymax>478</ymax>
		</bndbox>
	</object>
	<object>
		<name>Surfer</name>
		<pose>Unspecified</pose>
		<truncated>0</truncated>
		<difficult>0</difficult>
		<occluded>0</occluded>
		<bndbox>
			<xmin>1</xmin>
			<xmax>16</xmax>
			<ymin>479</ymin>
			<ymax>526</ymax>
		</bndbox>
	</object>
	<object>
		<name>Surfer</name>
		<pose>Unspecified</pose>
		<truncated>0</truncated>
		<difficult>0</difficult>
		<occluded>0</occluded>
		<bndbox>
			<xmin>1</xmin>
			<xmax>18</xmax>
			<ymin>371</ymin>
			<ymax>413</ymax>
		</bndbox>
	</object>
	<object>
		<name>Surfer</name>
		<pose>Unspecified</pose>
		<truncated>0</truncated>
		<difficult>0</difficult>
		<occluded>0</occluded>
		<bndbox>
			<xmin>1</xmin>
			<xmax>16</xmax>
			<ymin>154</ymin>
			<ymax>195</ymax>
		</bndbox>
	</object>
	<object>
		<name>Surfer</name>
		<pose>Unspecified</pose>
		<truncated>0</truncated>
		<difficult>0</difficult>
		<occluded>0</occluded>
		<bndbox>
			<xmin>1</xmin>
			<xmax>19</xmax>
			<ymin>62</ymin>
			<ymax>100</ymax>
		</bndbox>
	</object>
	<object>
		<name>Surfer</name>
		<pose>Unspecified</pose>
		<truncated>0</truncated>
		<difficult>0</difficult>
		<occluded>0</occluded>
		<bndbox>
			<xmin>1</xmin>
			<xmax>24</xmax>
			<ymin>336</ymin>
			<ymax>369</ymax>
		</bndbox>
	</object>
	<object>
		<name>Surfer</name>
		<pose>Unspecified</pose>
		<truncated>0</truncated>
		<difficult>0</difficult>
		<occluded>0</occluded>
		<bndbox>
			<xmin>1</xmin>
			<xmax>16</xmax>
			<ymin>254</ymin>
			<ymax>291</ymax>
		</bndbox>
	</object>
</annotation>
