<annotation>
	<folder></folder>
	<filename>Piha_Flight2_Joined_mp4-1189_jpg.rf.80b71060bc3f524dfed4b753ec52e5cb.jpg</filename>
	<path>Piha_Flight2_Joined_mp4-1189_jpg.rf.80b71060bc3f524dfed4b753ec52e5cb.jpg</path>
	<source>
		<database>roboflow.ai</database>
	</source>
	<size>
		<width>640</width>
		<height>540</height>
		<depth>3</depth>
	</size>
	<segmented>0</segmented>
	<object>
		<name>Surfer</name>
		<pose>Unspecified</pose>
		<truncated>0</truncated>
		<difficult>0</difficult>
		<occluded>0</occluded>
		<bndbox>
			<xmin>445</xmin>
			<xmax>487</xmax>
			<ymin>462</ymin>
			<ymax>497</ymax>
		</bndbox>
	</object>
	<object>
		<name>Surfer</name>
		<pose>Unspecified</pose>
		<truncated>0</truncated>
		<difficult>0</difficult>
		<occluded>0</occluded>
		<bndbox>
			<xmin>448</xmin>
			<xmax>482</xmax>
			<ymin>301</ymin>
			<ymax>336</ymax>
		</bndbox>
	</object>
	<object>
		<name>Surfer</name>
		<pose>Unspecified</pose>
		<truncated>0</truncated>
		<difficult>0</difficult>
		<occluded>0</occluded>
		<bndbox>
			<xmin>554</xmin>
			<xmax>584</xmax>
			<ymin>330</ymin>
			<ymax>362</ymax>
		</bndbox>
	</object>
	<object>
		<name>Surfer</name>
		<pose>Unspecified</pose>
		<truncated>0</truncated>
		<difficult>0</difficult>
		<occluded>0</occluded>
		<bndbox>
			<xmin>359</xmin>
			<xmax>391</xmax>
			<ymin>337</ymin>
			<ymax>374</ymax>
		</bndbox>
	</object>
	<object>
		<name>Surfer</name>
		<pose>Unspecified</pose>
		<truncated>0</truncated>
		<difficult>0</difficult>
		<occluded>0</occluded>
		<bndbox>
			<xmin>410</xmin>
			<xmax>447</xmax>
			<ymin>140</ymin>
			<ymax>178</ymax>
		</bndbox>
	</object>
</annotation>
