<annotation>
	<folder></folder>
	<filename>Piha_Flight2_Joined_mp4-1029_jpg.rf.4f248c529cd3f7536e13aa9cb34da2b7.jpg</filename>
	<path>Piha_Flight2_Joined_mp4-1029_jpg.rf.4f248c529cd3f7536e13aa9cb34da2b7.jpg</path>
	<source>
		<database>roboflow.ai</database>
	</source>
	<size>
		<width>640</width>
		<height>540</height>
		<depth>3</depth>
	</size>
	<segmented>0</segmented>
	<object>
		<name>Surfer</name>
		<pose>Unspecified</pose>
		<truncated>0</truncated>
		<difficult>0</difficult>
		<occluded>0</occluded>
		<bndbox>
			<xmin>424</xmin>
			<xmax>474</xmax>
			<ymin>411</ymin>
			<ymax>450</ymax>
		</bndbox>
	</object>
	<object>
		<name>Surfer</name>
		<pose>Unspecified</pose>
		<truncated>0</truncated>
		<difficult>0</difficult>
		<occluded>0</occluded>
		<bndbox>
			<xmin>542</xmin>
			<xmax>578</xmax>
			<ymin>230</ymin>
			<ymax>261</ymax>
		</bndbox>
	</object>
	<object>
		<name>Surfer</name>
		<pose>Unspecified</pose>
		<truncated>0</truncated>
		<difficult>0</difficult>
		<occluded>0</occluded>
		<bndbox>
			<xmin>580</xmin>
			<xmax>608</xmax>
			<ymin>291</ymin>
			<ymax>322</ymax>
		</bndbox>
	</object>
	<object>
		<name>Surfer</name>
		<pose>Unspecified</pose>
		<truncated>0</truncated>
		<difficult>0</difficult>
		<occluded>0</occluded>
		<bndbox>
			<xmin>593</xmin>
			<xmax>623</xmax>
			<ymin>268</ymin>
			<ymax>304</ymax>
		</bndbox>
	</object>
</annotation>
