<annotation>
	<folder></folder>
	<filename>Piha_Flight2_Joined_mp4-1557_jpg.rf.4893ae7abf23fd2ace19af1a51e02cff.jpg</filename>
	<path>Piha_Flight2_Joined_mp4-1557_jpg.rf.4893ae7abf23fd2ace19af1a51e02cff.jpg</path>
	<source>
		<database>roboflow.ai</database>
	</source>
	<size>
		<width>640</width>
		<height>540</height>
		<depth>3</depth>
	</size>
	<segmented>0</segmented>
	<object>
		<name>Surfer</name>
		<pose>Unspecified</pose>
		<truncated>0</truncated>
		<difficult>0</difficult>
		<occluded>0</occluded>
		<bndbox>
			<xmin>449</xmin>
			<xmax>482</xmax>
			<ymin>128</ymin>
			<ymax>171</ymax>
		</bndbox>
	</object>
	<object>
		<name>Surfer</name>
		<pose>Unspecified</pose>
		<truncated>0</truncated>
		<difficult>0</difficult>
		<occluded>0</occluded>
		<bndbox>
			<xmin>391</xmin>
			<xmax>422</xmax>
			<ymin>13</ymin>
			<ymax>55</ymax>
		</bndbox>
	</object>
	<object>
		<name>Surfer</name>
		<pose>Unspecified</pose>
		<truncated>0</truncated>
		<difficult>0</difficult>
		<occluded>0</occluded>
		<bndbox>
			<xmin>338</xmin>
			<xmax>370</xmax>
			<ymin>429</ymin>
			<ymax>478</ymax>
		</bndbox>
	</object>
	<object>
		<name>Surfer</name>
		<pose>Unspecified</pose>
		<truncated>0</truncated>
		<difficult>0</difficult>
		<occluded>0</occluded>
		<bndbox>
			<xmin>395</xmin>
			<xmax>427</xmax>
			<ymin>417</ymin>
			<ymax>469</ymax>
		</bndbox>
	</object>
	<object>
		<name>Surfer</name>
		<pose>Unspecified</pose>
		<truncated>0</truncated>
		<difficult>0</difficult>
		<occluded>0</occluded>
		<bndbox>
			<xmin>430</xmin>
			<xmax>461</xmax>
			<ymin>319</ymin>
			<ymax>361</ymax>
		</bndbox>
	</object>
	<object>
		<name>Surfer</name>
		<pose>Unspecified</pose>
		<truncated>0</truncated>
		<difficult>0</difficult>
		<occluded>0</occluded>
		<bndbox>
			<xmin>585</xmin>
			<xmax>614</xmax>
			<ymin>185</ymin>
			<ymax>212</ymax>
		</bndbox>
	</object>
</annotation>
