<annotation>
	<folder></folder>
	<filename>Piha_Flight2_Joined_mp4-1427_jpg.rf.e3a78a46c3280896bbfc67fba2f57ca7.jpg</filename>
	<path>Piha_Flight2_Joined_mp4-1427_jpg.rf.e3a78a46c3280896bbfc67fba2f57ca7.jpg</path>
	<source>
		<database>roboflow.ai</database>
	</source>
	<size>
		<width>640</width>
		<height>540</height>
		<depth>3</depth>
	</size>
	<segmented>0</segmented>
	<object>
		<name>Surfer</name>
		<pose>Unspecified</pose>
		<truncated>0</truncated>
		<difficult>0</difficult>
		<occluded>0</occluded>
		<bndbox>
			<xmin>1</xmin>
			<xmax>17</xmax>
			<ymin>1</ymin>
			<ymax>19</ymax>
		</bndbox>
	</object>
	<object>
		<name>Surfer</name>
		<pose>Unspecified</pose>
		<truncated>0</truncated>
		<difficult>0</difficult>
		<occluded>0</occluded>
		<bndbox>
			<xmin>1</xmin>
			<xmax>16</xmax>
			<ymin>1</ymin>
			<ymax>18</ymax>
		</bndbox>
	</object>
	<object>
		<name>Surfer</name>
		<pose>Unspecified</pose>
		<truncated>0</truncated>
		<difficult>0</difficult>
		<occluded>0</occluded>
		<bndbox>
			<xmin>1</xmin>
			<xmax>26</xmax>
			<ymin>1</ymin>
			<ymax>15</ymax>
		</bndbox>
	</object>
	<object>
		<name>Surfer</name>
		<pose>Unspecified</pose>
		<truncated>0</truncated>
		<difficult>0</difficult>
		<occluded>0</occluded>
		<bndbox>
			<xmin>1</xmin>
			<xmax>19</xmax>
			<ymin>1</ymin>
			<ymax>18</ymax>
		</bndbox>
	</object>
	<object>
		<name>Surfer</name>
		<pose>Unspecified</pose>
		<truncated>0</truncated>
		<difficult>0</difficult>
		<occluded>0</occluded>
		<bndbox>
			<xmin>1</xmin>
			<xmax>19</xmax>
			<ymin>1</ymin>
			<ymax>17</ymax>
		</bndbox>
	</object>
	<object>
		<name>Surfer</name>
		<pose>Unspecified</pose>
		<truncated>0</truncated>
		<difficult>0</difficult>
		<occluded>0</occluded>
		<bndbox>
			<xmin>1</xmin>
			<xmax>19</xmax>
			<ymin>6</ymin>
			<ymax>49</ymax>
		</bndbox>
	</object>
	<object>
		<name>Surfer</name>
		<pose>Unspecified</pose>
		<truncated>0</truncated>
		<difficult>0</difficult>
		<occluded>0</occluded>
		<bndbox>
			<xmin>1</xmin>
			<xmax>12</xmax>
			<ymin>1</ymin>
			<ymax>18</ymax>
		</bndbox>
	</object>
	<object>
		<name>Surfer</name>
		<pose>Unspecified</pose>
		<truncated>0</truncated>
		<difficult>0</difficult>
		<occluded>0</occluded>
		<bndbox>
			<xmin>1</xmin>
			<xmax>17</xmax>
			<ymin>63</ymin>
			<ymax>104</ymax>
		</bndbox>
	</object>
	<object>
		<name>Surfer</name>
		<pose>Unspecified</pose>
		<truncated>0</truncated>
		<difficult>0</difficult>
		<occluded>0</occluded>
		<bndbox>
			<xmin>1</xmin>
			<xmax>19</xmax>
			<ymin>1</ymin>
			<ymax>18</ymax>
		</bndbox>
	</object>
</annotation>
