<annotation>
	<folder></folder>
	<filename>Piha_Flight2_Joined_mp4-1546_jpg.rf.3999a534016e460ab2c64ed57fe82ee4.jpg</filename>
	<path>Piha_Flight2_Joined_mp4-1546_jpg.rf.3999a534016e460ab2c64ed57fe82ee4.jpg</path>
	<source>
		<database>roboflow.ai</database>
	</source>
	<size>
		<width>640</width>
		<height>540</height>
		<depth>3</depth>
	</size>
	<segmented>0</segmented>
	<object>
		<name>Surfer</name>
		<pose>Unspecified</pose>
		<truncated>0</truncated>
		<difficult>0</difficult>
		<occluded>0</occluded>
		<bndbox>
			<xmin>393</xmin>
			<xmax>424</xmax>
			<ymin>378</ymin>
			<ymax>419</ymax>
		</bndbox>
	</object>
	<object>
		<name>Surfer</name>
		<pose>Unspecified</pose>
		<truncated>0</truncated>
		<difficult>0</difficult>
		<occluded>0</occluded>
		<bndbox>
			<xmin>360</xmin>
			<xmax>391</xmax>
			<ymin>278</ymin>
			<ymax>315</ymax>
		</bndbox>
	</object>
	<object>
		<name>Surfer</name>
		<pose>Unspecified</pose>
		<truncated>0</truncated>
		<difficult>0</difficult>
		<occluded>0</occluded>
		<bndbox>
			<xmin>505</xmin>
			<xmax>537</xmax>
			<ymin>399</ymin>
			<ymax>419</ymax>
		</bndbox>
	</object>
</annotation>
