<annotation>
	<folder></folder>
	<filename>Piha_Flight2_Joined_mp4-1000_jpg.rf.d62de35727ffb2218fbc1d85659bef2a.jpg</filename>
	<path>Piha_Flight2_Joined_mp4-1000_jpg.rf.d62de35727ffb2218fbc1d85659bef2a.jpg</path>
	<source>
		<database>roboflow.ai</database>
	</source>
	<size>
		<width>640</width>
		<height>540</height>
		<depth>3</depth>
	</size>
	<segmented>0</segmented>
	<object>
		<name>Surfer</name>
		<pose>Unspecified</pose>
		<truncated>0</truncated>
		<difficult>0</difficult>
		<occluded>0</occluded>
		<bndbox>
			<xmin>303</xmin>
			<xmax>336</xmax>
			<ymin>452</ymin>
			<ymax>491</ymax>
		</bndbox>
	</object>
	<object>
		<name>Surfer</name>
		<pose>Unspecified</pose>
		<truncated>0</truncated>
		<difficult>0</difficult>
		<occluded>0</occluded>
		<bndbox>
			<xmin>282</xmin>
			<xmax>319</xmax>
			<ymin>364</ymin>
			<ymax>405</ymax>
		</bndbox>
	</object>
	<object>
		<name>Surfer</name>
		<pose>Unspecified</pose>
		<truncated>0</truncated>
		<difficult>0</difficult>
		<occluded>0</occluded>
		<bndbox>
			<xmin>361</xmin>
			<xmax>395</xmax>
			<ymin>479</ymin>
			<ymax>517</ymax>
		</bndbox>
	</object>
	<object>
		<name>Surfer</name>
		<pose>Unspecified</pose>
		<truncated>0</truncated>
		<difficult>0</difficult>
		<occluded>0</occluded>
		<bndbox>
			<xmin>498</xmin>
			<xmax>528</xmax>
			<ymin>386</ymin>
			<ymax>423</ymax>
		</bndbox>
	</object>
	<object>
		<name>Surfer</name>
		<pose>Unspecified</pose>
		<truncated>0</truncated>
		<difficult>0</difficult>
		<occluded>0</occluded>
		<bndbox>
			<xmin>562</xmin>
			<xmax>596</xmax>
			<ymin>393</ymin>
			<ymax>416</ymax>
		</bndbox>
	</object>
</annotation>
