<annotation>
	<folder></folder>
	<filename>Piha_Flight2_Joined_mp4-981_jpg.rf.e3d9e2eebd84994a3fe0597e8376cd79.jpg</filename>
	<path>Piha_Flight2_Joined_mp4-981_jpg.rf.e3d9e2eebd84994a3fe0597e8376cd79.jpg</path>
	<source>
		<database>roboflow.ai</database>
	</source>
	<size>
		<width>640</width>
		<height>540</height>
		<depth>3</depth>
	</size>
	<segmented>0</segmented>
	<object>
		<name>Surfer</name>
		<pose>Unspecified</pose>
		<truncated>0</truncated>
		<difficult>0</difficult>
		<occluded>0</occluded>
		<bndbox>
			<xmin>188</xmin>
			<xmax>229</xmax>
			<ymin>326</ymin>
			<ymax>367</ymax>
		</bndbox>
	</object>
	<object>
		<name>Surfer</name>
		<pose>Unspecified</pose>
		<truncated>0</truncated>
		<difficult>0</difficult>
		<occluded>0</occluded>
		<bndbox>
			<xmin>355</xmin>
			<xmax>391</xmax>
			<ymin>195</ymin>
			<ymax>235</ymax>
		</bndbox>
	</object>
	<object>
		<name>Surfer</name>
		<pose>Unspecified</pose>
		<truncated>0</truncated>
		<difficult>0</difficult>
		<occluded>0</occluded>
		<bndbox>
			<xmin>293</xmin>
			<xmax>332</xmax>
			<ymin>275</ymin>
			<ymax>305</ymax>
		</bndbox>
	</object>
	<object>
		<name>Surfer</name>
		<pose>Unspecified</pose>
		<truncated>0</truncated>
		<difficult>0</difficult>
		<occluded>0</occluded>
		<bndbox>
			<xmin>347</xmin>
			<xmax>384</xmax>
			<ymin>321</ymin>
			<ymax>355</ymax>
		</bndbox>
	</object>
	<object>
		<name>Surfer</name>
		<pose>Unspecified</pose>
		<truncated>0</truncated>
		<difficult>0</difficult>
		<occluded>0</occluded>
		<bndbox>
			<xmin>503</xmin>
			<xmax>540</xmax>
			<ymin>240</ymin>
			<ymax>263</ymax>
		</bndbox>
	</object>
</annotation>
