<annotation>
	<folder></folder>
	<filename>Piha_Flight2_Joined_mp4-1021_jpg.rf.645565e9fdf046c47a3c89b614d49cad.jpg</filename>
	<path>Piha_Flight2_Joined_mp4-1021_jpg.rf.645565e9fdf046c47a3c89b614d49cad.jpg</path>
	<source>
		<database>roboflow.ai</database>
	</source>
	<size>
		<width>640</width>
		<height>540</height>
		<depth>3</depth>
	</size>
	<segmented>0</segmented>
	<object>
		<name>Surfer</name>
		<pose>Unspecified</pose>
		<truncated>0</truncated>
		<difficult>0</difficult>
		<occluded>0</occluded>
		<bndbox>
			<xmin>579</xmin>
			<xmax>610</xmax>
			<ymin>388</ymin>
			<ymax>422</ymax>
		</bndbox>
	</object>
	<object>
		<name>Surfer</name>
		<pose>Unspecified</pose>
		<truncated>0</truncated>
		<difficult>0</difficult>
		<occluded>0</occluded>
		<bndbox>
			<xmin>521</xmin>
			<xmax>558</xmax>
			<ymin>323</ymin>
			<ymax>354</ymax>
		</bndbox>
	</object>
	<object>
		<name>Surfer</name>
		<pose>Unspecified</pose>
		<truncated>0</truncated>
		<difficult>0</difficult>
		<occluded>0</occluded>
		<bndbox>
			<xmin>394</xmin>
			<xmax>437</xmax>
			<ymin>516</ymin>
			<ymax>541</ymax>
		</bndbox>
	</object>
	<object>
		<name>Surfer</name>
		<pose>Unspecified</pose>
		<truncated>0</truncated>
		<difficult>0</difficult>
		<occluded>0</occluded>
		<bndbox>
			<xmin>581</xmin>
			<xmax>613</xmax>
			<ymin>360</ymin>
			<ymax>394</ymax>
		</bndbox>
	</object>
</annotation>
