<annotation>
	<folder></folder>
	<filename>Piha_Flight2_Joined_mp4-1186_jpg.rf.c1b7dbedef16cb7c3d78f03df4f803ea.jpg</filename>
	<path>Piha_Flight2_Joined_mp4-1186_jpg.rf.c1b7dbedef16cb7c3d78f03df4f803ea.jpg</path>
	<source>
		<database>roboflow.ai</database>
	</source>
	<size>
		<width>640</width>
		<height>540</height>
		<depth>3</depth>
	</size>
	<segmented>0</segmented>
	<object>
		<name>Surfer</name>
		<pose>Unspecified</pose>
		<truncated>0</truncated>
		<difficult>0</difficult>
		<occluded>0</occluded>
		<bndbox>
			<xmin>453</xmin>
			<xmax>486</xmax>
			<ymin>301</ymin>
			<ymax>337</ymax>
		</bndbox>
	</object>
	<object>
		<name>Surfer</name>
		<pose>Unspecified</pose>
		<truncated>0</truncated>
		<difficult>0</difficult>
		<occluded>0</occluded>
		<bndbox>
			<xmin>440</xmin>
			<xmax>482</xmax>
			<ymin>461</ymin>
			<ymax>495</ymax>
		</bndbox>
	</object>
	<object>
		<name>Surfer</name>
		<pose>Unspecified</pose>
		<truncated>0</truncated>
		<difficult>0</difficult>
		<occluded>0</occluded>
		<bndbox>
			<xmin>419</xmin>
			<xmax>455</xmax>
			<ymin>140</ymin>
			<ymax>175</ymax>
		</bndbox>
	</object>
	<object>
		<name>Surfer</name>
		<pose>Unspecified</pose>
		<truncated>0</truncated>
		<difficult>0</difficult>
		<occluded>0</occluded>
		<bndbox>
			<xmin>364</xmin>
			<xmax>395</xmax>
			<ymin>333</ymin>
			<ymax>366</ymax>
		</bndbox>
	</object>
	<object>
		<name>Surfer</name>
		<pose>Unspecified</pose>
		<truncated>0</truncated>
		<difficult>0</difficult>
		<occluded>0</occluded>
		<bndbox>
			<xmin>557</xmin>
			<xmax>583</xmax>
			<ymin>329</ymin>
			<ymax>364</ymax>
		</bndbox>
	</object>
</annotation>
