<annotation>
	<folder></folder>
	<filename>Piha_Flight2_Joined_mp4-1485_jpg.rf.adce82e2647d0f9b8e647136a15448f8.jpg</filename>
	<path>Piha_Flight2_Joined_mp4-1485_jpg.rf.adce82e2647d0f9b8e647136a15448f8.jpg</path>
	<source>
		<database>roboflow.ai</database>
	</source>
	<size>
		<width>640</width>
		<height>540</height>
		<depth>3</depth>
	</size>
	<segmented>0</segmented>
	<object>
		<name>Surfer</name>
		<pose>Unspecified</pose>
		<truncated>0</truncated>
		<difficult>0</difficult>
		<occluded>0</occluded>
		<bndbox>
			<xmin>379</xmin>
			<xmax>412</xmax>
			<ymin>519</ymin>
			<ymax>541</ymax>
		</bndbox>
	</object>
	<object>
		<name>Surfer</name>
		<pose>Unspecified</pose>
		<truncated>0</truncated>
		<difficult>0</difficult>
		<occluded>0</occluded>
		<bndbox>
			<xmin>449</xmin>
			<xmax>481</xmax>
			<ymin>453</ymin>
			<ymax>495</ymax>
		</bndbox>
	</object>
</annotation>
