<annotation>
	<folder></folder>
	<filename>Piha_Flight2_Joined_mp4-1318_jpg.rf.c9501adccc8f34663be947e999b4b5ea.jpg</filename>
	<path>Piha_Flight2_Joined_mp4-1318_jpg.rf.c9501adccc8f34663be947e999b4b5ea.jpg</path>
	<source>
		<database>roboflow.ai</database>
	</source>
	<size>
		<width>640</width>
		<height>540</height>
		<depth>3</depth>
	</size>
	<segmented>0</segmented>
	<object>
		<name>Surfer</name>
		<pose>Unspecified</pose>
		<truncated>0</truncated>
		<difficult>0</difficult>
		<occluded>0</occluded>
		<bndbox>
			<xmin>638</xmin>
			<xmax>641</xmax>
			<ymin>323</ymin>
			<ymax>367</ymax>
		</bndbox>
	</object>
	<object>
		<name>Surfer</name>
		<pose>Unspecified</pose>
		<truncated>0</truncated>
		<difficult>0</difficult>
		<occluded>0</occluded>
		<bndbox>
			<xmin>406</xmin>
			<xmax>437</xmax>
			<ymin>381</ymin>
			<ymax>417</ymax>
		</bndbox>
	</object>
	<object>
		<name>Surfer</name>
		<pose>Unspecified</pose>
		<truncated>0</truncated>
		<difficult>0</difficult>
		<occluded>0</occluded>
		<bndbox>
			<xmin>305</xmin>
			<xmax>338</xmax>
			<ymin>349</ymin>
			<ymax>380</ymax>
		</bndbox>
	</object>
	<object>
		<name>Surfer</name>
		<pose>Unspecified</pose>
		<truncated>0</truncated>
		<difficult>0</difficult>
		<occluded>0</occluded>
		<bndbox>
			<xmin>461</xmin>
			<xmax>495</xmax>
			<ymin>435</ymin>
			<ymax>475</ymax>
		</bndbox>
	</object>
	<object>
		<name>Surfer</name>
		<pose>Unspecified</pose>
		<truncated>0</truncated>
		<difficult>0</difficult>
		<occluded>0</occluded>
		<bndbox>
			<xmin>353</xmin>
			<xmax>389</xmax>
			<ymin>226</ymin>
			<ymax>257</ymax>
		</bndbox>
	</object>
	<object>
		<name>Surfer</name>
		<pose>Unspecified</pose>
		<truncated>0</truncated>
		<difficult>0</difficult>
		<occluded>0</occluded>
		<bndbox>
			<xmin>511</xmin>
			<xmax>533</xmax>
			<ymin>315</ymin>
			<ymax>343</ymax>
		</bndbox>
	</object>
</annotation>
