<annotation>
	<folder></folder>
	<filename>Piha_Flight2_Joined_mp4-2943_jpg.rf.1820af0102fc5fba1430ec1ae41efe62.jpg</filename>
	<path>Piha_Flight2_Joined_mp4-2943_jpg.rf.1820af0102fc5fba1430ec1ae41efe62.jpg</path>
	<source>
		<database>roboflow.ai</database>
	</source>
	<size>
		<width>640</width>
		<height>540</height>
		<depth>3</depth>
	</size>
	<segmented>0</segmented>
	<object>
		<name>Surfer</name>
		<pose>Unspecified</pose>
		<truncated>0</truncated>
		<difficult>0</difficult>
		<occluded>0</occluded>
		<bndbox>
			<xmin>156</xmin>
			<xmax>205</xmax>
			<ymin>470</ymin>
			<ymax>526</ymax>
		</bndbox>
	</object>
	<object>
		<name>Surfer</name>
		<pose>Unspecified</pose>
		<truncated>0</truncated>
		<difficult>0</difficult>
		<occluded>0</occluded>
		<bndbox>
			<xmin>247</xmin>
			<xmax>298</xmax>
			<ymin>473</ymin>
			<ymax>521</ymax>
		</bndbox>
	</object>
	<object>
		<name>Surfer</name>
		<pose>Unspecified</pose>
		<truncated>0</truncated>
		<difficult>0</difficult>
		<occluded>0</occluded>
		<bndbox>
			<xmin>158</xmin>
			<xmax>207</xmax>
			<ymin>271</ymin>
			<ymax>327</ymax>
		</bndbox>
	</object>
	<object>
		<name>Surfer</name>
		<pose>Unspecified</pose>
		<truncated>0</truncated>
		<difficult>0</difficult>
		<occluded>0</occluded>
		<bndbox>
			<xmin>189</xmin>
			<xmax>233</xmax>
			<ymin>380</ymin>
			<ymax>432</ymax>
		</bndbox>
	</object>
	<object>
		<name>Surfer</name>
		<pose>Unspecified</pose>
		<truncated>0</truncated>
		<difficult>0</difficult>
		<occluded>0</occluded>
		<bndbox>
			<xmin>393</xmin>
			<xmax>438</xmax>
			<ymin>406</ymin>
			<ymax>457</ymax>
		</bndbox>
	</object>
	<object>
		<name>Surfer</name>
		<pose>Unspecified</pose>
		<truncated>0</truncated>
		<difficult>0</difficult>
		<occluded>0</occluded>
		<bndbox>
			<xmin>352</xmin>
			<xmax>412</xmax>
			<ymin>259</ymin>
			<ymax>322</ymax>
		</bndbox>
	</object>
	<object>
		<name>Surfer</name>
		<pose>Unspecified</pose>
		<truncated>0</truncated>
		<difficult>0</difficult>
		<occluded>0</occluded>
		<bndbox>
			<xmin>259</xmin>
			<xmax>314</xmax>
			<ymin>436</ymin>
			<ymax>478</ymax>
		</bndbox>
	</object>
</annotation>
