<annotation>
	<folder></folder>
	<filename>Piha_Flight2_Joined_mp4-2943_jpg.rf.179bd67acaa9c50dc7ca201d37e94b18.jpg</filename>
	<path>Piha_Flight2_Joined_mp4-2943_jpg.rf.179bd67acaa9c50dc7ca201d37e94b18.jpg</path>
	<source>
		<database>roboflow.ai</database>
	</source>
	<size>
		<width>640</width>
		<height>540</height>
		<depth>3</depth>
	</size>
	<segmented>0</segmented>
	<object>
		<name>Surfer</name>
		<pose>Unspecified</pose>
		<truncated>0</truncated>
		<difficult>0</difficult>
		<occluded>0</occluded>
		<bndbox>
			<xmin>109</xmin>
			<xmax>157</xmax>
			<ymin>439</ymin>
			<ymax>493</ymax>
		</bndbox>
	</object>
	<object>
		<name>Surfer</name>
		<pose>Unspecified</pose>
		<truncated>0</truncated>
		<difficult>0</difficult>
		<occluded>0</occluded>
		<bndbox>
			<xmin>163</xmin>
			<xmax>205</xmax>
			<ymin>504</ymin>
			<ymax>531</ymax>
		</bndbox>
	</object>
	<object>
		<name>Surfer</name>
		<pose>Unspecified</pose>
		<truncated>0</truncated>
		<difficult>0</difficult>
		<occluded>0</occluded>
		<bndbox>
			<xmin>45</xmin>
			<xmax>92</xmax>
			<ymin>362</ymin>
			<ymax>413</ymax>
		</bndbox>
	</object>
	<object>
		<name>Surfer</name>
		<pose>Unspecified</pose>
		<truncated>0</truncated>
		<difficult>0</difficult>
		<occluded>0</occluded>
		<bndbox>
			<xmin>74</xmin>
			<xmax>129</xmax>
			<ymin>393</ymin>
			<ymax>454</ymax>
		</bndbox>
	</object>
</annotation>
