<annotation>
	<folder></folder>
	<filename>Piha_Flight2_Joined_mp4-2949_jpg.rf.10fdc4183657415c00ece4b7661f94ec.jpg</filename>
	<path>Piha_Flight2_Joined_mp4-2949_jpg.rf.10fdc4183657415c00ece4b7661f94ec.jpg</path>
	<source>
		<database>roboflow.ai</database>
	</source>
	<size>
		<width>640</width>
		<height>540</height>
		<depth>3</depth>
	</size>
	<segmented>0</segmented>
	<object>
		<name>Surfer</name>
		<pose>Unspecified</pose>
		<truncated>0</truncated>
		<difficult>0</difficult>
		<occluded>0</occluded>
		<bndbox>
			<xmin>116</xmin>
			<xmax>165</xmax>
			<ymin>467</ymin>
			<ymax>519</ymax>
		</bndbox>
	</object>
	<object>
		<name>Surfer</name>
		<pose>Unspecified</pose>
		<truncated>0</truncated>
		<difficult>0</difficult>
		<occluded>0</occluded>
		<bndbox>
			<xmin>71</xmin>
			<xmax>125</xmax>
			<ymin>419</ymin>
			<ymax>475</ymax>
		</bndbox>
	</object>
	<object>
		<name>Surfer</name>
		<pose>Unspecified</pose>
		<truncated>0</truncated>
		<difficult>0</difficult>
		<occluded>0</occluded>
		<bndbox>
			<xmin>41</xmin>
			<xmax>84</xmax>
			<ymin>391</ymin>
			<ymax>437</ymax>
		</bndbox>
	</object>
</annotation>
