<annotation>
	<folder></folder>
	<filename>Piha_Flight2_Joined_mp4-2947_jpg.rf.cfeeef39224820199d093d620e9cc467.jpg</filename>
	<path>Piha_Flight2_Joined_mp4-2947_jpg.rf.cfeeef39224820199d093d620e9cc467.jpg</path>
	<source>
		<database>roboflow.ai</database>
	</source>
	<size>
		<width>640</width>
		<height>540</height>
		<depth>3</depth>
	</size>
	<segmented>0</segmented>
	<object>
		<name>Surfer</name>
		<pose>Unspecified</pose>
		<truncated>0</truncated>
		<difficult>0</difficult>
		<occluded>0</occluded>
		<bndbox>
			<xmin>168</xmin>
			<xmax>223</xmax>
			<ymin>433</ymin>
			<ymax>494</ymax>
		</bndbox>
	</object>
	<object>
		<name>Surfer</name>
		<pose>Unspecified</pose>
		<truncated>0</truncated>
		<difficult>0</difficult>
		<occluded>0</occluded>
		<bndbox>
			<xmin>177</xmin>
			<xmax>232</xmax>
			<ymin>232</ymin>
			<ymax>292</ymax>
		</bndbox>
	</object>
	<object>
		<name>Surfer</name>
		<pose>Unspecified</pose>
		<truncated>0</truncated>
		<difficult>0</difficult>
		<occluded>0</occluded>
		<bndbox>
			<xmin>201</xmin>
			<xmax>251</xmax>
			<ymin>340</ymin>
			<ymax>395</ymax>
		</bndbox>
	</object>
	<object>
		<name>Surfer</name>
		<pose>Unspecified</pose>
		<truncated>0</truncated>
		<difficult>0</difficult>
		<occluded>0</occluded>
		<bndbox>
			<xmin>281</xmin>
			<xmax>337</xmax>
			<ymin>416</ymin>
			<ymax>462</ymax>
		</bndbox>
	</object>
	<object>
		<name>Surfer</name>
		<pose>Unspecified</pose>
		<truncated>0</truncated>
		<difficult>0</difficult>
		<occluded>0</occluded>
		<bndbox>
			<xmin>367</xmin>
			<xmax>428</xmax>
			<ymin>189</ymin>
			<ymax>251</ymax>
		</bndbox>
	</object>
	<object>
		<name>Surfer</name>
		<pose>Unspecified</pose>
		<truncated>0</truncated>
		<difficult>0</difficult>
		<occluded>0</occluded>
		<bndbox>
			<xmin>399</xmin>
			<xmax>448</xmax>
			<ymin>338</ymin>
			<ymax>391</ymax>
		</bndbox>
	</object>
	<object>
		<name>Surfer</name>
		<pose>Unspecified</pose>
		<truncated>0</truncated>
		<difficult>0</difficult>
		<occluded>0</occluded>
		<bndbox>
			<xmin>283</xmin>
			<xmax>339</xmax>
			<ymin>385</ymin>
			<ymax>430</ymax>
		</bndbox>
	</object>
</annotation>
