<annotation>
	<folder></folder>
	<filename>Piha_Flight2_Joined_mp4-2945_jpg.rf.f6f9da1420f50d94c77bf54b43ee2a1f.jpg</filename>
	<path>Piha_Flight2_Joined_mp4-2945_jpg.rf.f6f9da1420f50d94c77bf54b43ee2a1f.jpg</path>
	<source>
		<database>roboflow.ai</database>
	</source>
	<size>
		<width>640</width>
		<height>540</height>
		<depth>3</depth>
	</size>
	<segmented>0</segmented>
	<object>
		<name>Surfer</name>
		<pose>Unspecified</pose>
		<truncated>0</truncated>
		<difficult>0</difficult>
		<occluded>0</occluded>
		<bndbox>
			<xmin>1</xmin>
			<xmax>2</xmax>
			<ymin>236</ymin>
			<ymax>288</ymax>
		</bndbox>
	</object>
	<object>
		<name>Surfer</name>
		<pose>Unspecified</pose>
		<truncated>0</truncated>
		<difficult>0</difficult>
		<occluded>0</occluded>
		<bndbox>
			<xmin>1</xmin>
			<xmax>19</xmax>
			<ymin>181</ymin>
			<ymax>238</ymax>
		</bndbox>
	</object>
	<object>
		<name>Surfer</name>
		<pose>Unspecified</pose>
		<truncated>0</truncated>
		<difficult>0</difficult>
		<occluded>0</occluded>
		<bndbox>
			<xmin>157</xmin>
			<xmax>206</xmax>
			<ymin>176</ymin>
			<ymax>227</ymax>
		</bndbox>
	</object>
</annotation>
