<annotation>
	<folder></folder>
	<filename>Piha_Flight2_Joined_mp4-2944_jpg.rf.13c54a49ad6fb5ded875e20809fb8dc3.jpg</filename>
	<path>Piha_Flight2_Joined_mp4-2944_jpg.rf.13c54a49ad6fb5ded875e20809fb8dc3.jpg</path>
	<source>
		<database>roboflow.ai</database>
	</source>
	<size>
		<width>640</width>
		<height>540</height>
		<depth>3</depth>
	</size>
	<segmented>0</segmented>
	<object>
		<name>Surfer</name>
		<pose>Unspecified</pose>
		<truncated>0</truncated>
		<difficult>0</difficult>
		<occluded>0</occluded>
		<bndbox>
			<xmin>29</xmin>
			<xmax>74</xmax>
			<ymin>394</ymin>
			<ymax>443</ymax>
		</bndbox>
	</object>
	<object>
		<name>Surfer</name>
		<pose>Unspecified</pose>
		<truncated>0</truncated>
		<difficult>0</difficult>
		<occluded>0</occluded>
		<bndbox>
			<xmin>94</xmin>
			<xmax>140</xmax>
			<ymin>468</ymin>
			<ymax>519</ymax>
		</bndbox>
	</object>
	<object>
		<name>Surfer</name>
		<pose>Unspecified</pose>
		<truncated>0</truncated>
		<difficult>0</difficult>
		<occluded>0</occluded>
		<bndbox>
			<xmin>58</xmin>
			<xmax>109</xmax>
			<ymin>425</ymin>
			<ymax>480</ymax>
		</bndbox>
	</object>
</annotation>
